character_id,img_url
3659174697761457,https://sync-image.linke.ai/social/as_chat/avatar/9007199260706047/61a9d4d7b75891c5ff0679fc07c971f0.jpg
3659174697718384,https://sync-image.linke.ai/social/as_chat/avatar/9007199265584720/22e5d55bf600b6332c1fff64919595a3.jpg
3659174697690397,https://sync-image.linke.ai/social/as_chat/avatar/9007199267383273/1766447ca4b91c26324a55937907c457.jpg
3659174697674839,https://sync-image.linke.ai/social/as_chat/avatar/9007199262874546/573e4b8ac9e3a1f61c42ab6c95ac4e81.jpg
3659174697674822,https://sync-image.linke.ai/social/as_chat/avatar/9007199262874546/635acb4be2f0988e809560a87bc6fb02.jpg
3659174697439394,https://sync-image.linke.ai/social/as_chat/avatar/9007199265594084/2c6cf5ee7ae46b6f77df884ebf931cfe.jpg
2533274796180204,https://sync-image.linke.ai/linky_imggen_ugc/18154263_2110_31198908_1744885197841675445.webp
2533274796179168,https://sync-image.linke.ai/social/as_chat/avatar/9007199266767281/e61e0d59736dff58995689d9f1e5e067.jpg
2533274796168657,https://sync-image.linke.ai/social/as_chat/avatar/9007199254762940/99ed5278ad592ae14eb8e3d91bea0c19.jpg
2533274796167276,https://sync-image.linke.ai/linky_imggen_ugc_fast/4308202_2130_31161745_1744753035914252904.webp
2533274796163421,https://sync-image.linke.ai/social/as_chat/avatar/9007199267861463/e94fee00c2625993eb1e6ec00e219b02.jpg
2533274796107067,https://sync-image.linke.ai/social/as_chat/avatar/9007199268286118/74edfb03a5a75a2c5e7b48897ce20ae1.jpg
2533274796094019,https://sync-image.linke.ai/social/as_chat/avatar/9007199259076444/b8a89c68ac2a67415ff0000eb91c220f.jpg
2533274796067588,https://sync-image.linke.ai/social/as_chat/avatar/9007199266800617/be6ffe9abad1f9a896a5d4b5971af6a5.jpg
2533274796055948,https://sync-image.linke.ai/social/as_chat/avatar/9007199267174803/c964dc444a18e637d5497bcec91b5357.jpg
2533274796037155,https://sync-image.linke.ai/social/as_chat/avatar/9007199267997071/724be7edcba75d665d839f75d5460369.jpg
2533274795961447,https://sync-image.linke.ai/social/as_chat/avatar/9007199267520574/69e83eb75e9d79046bd4c2085f387aef.jpg
2533274795886242,https://sync-image.linke.ai/social/as_chat/avatar/9007199266901438/06ef1556373a6241f2802ad01f98882f.jpg
2533274795855084,https://sync-image.linke.ai/social/as_chat/avatar/9007199266886271/b8b0deee222c2ca5e64cb7b8bac4d2b5.jpg
2533274795845328,https://sync-image.linke.ai/social/as_chat/avatar/4503599629991803/61ba2dd513d552ec75df8e80a26c932d.jpg
2533274795813214,https://sync-image.linke.ai/social/as_chat/avatar/9007199266710610/25a68a78fca4168dc631f56260d27010.jpg
2533274795622029,https://sync-image.linke.ai/social/as_chat/avatar/9007199259173895/a0f3366118013e390837cf48e4935f11.jpg
2533274795006416,https://sync-image.linke.ai/linky_imggen_ugc_fast/16315649_2130_25500156_1733380870455194502.webp
